time,Open,High,Low,Close,Volume
2025-02-19 00:00:00+03:30,8640000000.0,8743000000.0,8620002000.0,8740000000.0,0.8837060629
2025-02-19 01:00:00+03:30,8720000000.0,8740000000.0,8691338711.0,8733999999.0,0.2487966476
2025-02-19 02:00:00+03:30,8701100012.0,8739879499.0,8701100005.0,8735999997.0,0.1495520825
2025-02-19 03:00:00+03:30,8735999999.0,8735999999.0,8706000000.0,8712008990.0,0.1145361127
2025-02-19 04:00:00+03:30,8712008990.0,8734994999.0,8706000000.0,8734994956.0,0.0442776153
2025-02-19 05:00:00+03:30,8734994956.0,8750000000.0,8701100005.0,8749999000.0,0.296305001
2025-02-19 06:00:00+03:30,8748000000.0,8759000000.0,8645000000.0,8756999999.0,0.3199911228
2025-02-19 07:00:00+03:30,8756999999.0,8756999999.0,8709284000.0,8711113112.0,0.3085953768
2025-02-19 08:00:00+03:30,8711113113.0,8741251047.0,8670000000.0,8680201010.0,0.278977794
2025-02-19 09:00:00+03:30,8680204015.0,8709284001.0,8680204015.0,8686321999.0,0.3206325164
2025-02-19 10:00:00+03:30,8686321999.0,8745017000.0,8686321999.0,8728004002.0,0.4445788462
2025-02-19 11:00:00+03:30,8728004002.0,8753333333.0,8693377949.0,8753333333.0,0.8465550531
2025-02-19 12:00:00+03:30,8753999989.0,8760000000.0,8724999008.0,8760000000.0,0.7899425724
2025-02-19 13:00:00+03:30,8760000000.0,8800000000.0,8759000000.0,8799999887.0,1.4964370279
2025-02-19 14:00:00+03:30,8799999887.0,8820000000.0,8771103708.0,8791000000.0,0.8869591569
2025-02-19 15:00:00+03:30,8791000000.0,8834746420.0,8786125683.0,8801142001.0,0.7440016121
2025-02-19 16:00:00+03:30,8810000005.0,8829444443.0,8791000002.0,8795000000.0,0.4392109677
2025-02-19 17:00:00+03:30,8795000000.0,8829440000.0,8777900000.0,8792018525.0,0.5958729289
2025-02-19 18:00:00+03:30,8792018526.0,8829000000.0,8760000000.0,8775000001.0,0.6749291432
2025-02-19 19:00:00+03:30,8789800000.0,8820000000.0,8770242000.0,8815000000.0,0.6127228234
2025-02-19 20:00:00+03:30,8814000000.0,8820000000.0,8777226029.0,8778029015.0,0.5911436105
2025-02-19 21:00:00+03:30,8778029015.0,8820000000.0,8770250000.0,8800900001.0,0.487950135
2025-02-19 22:00:00+03:30,8800900001.0,8813999996.0,8760000000.0,8775126423.0,0.4189002837
2025-02-19 23:00:00+03:30,8798000000.0,8814900000.0,8775126424.0,8790023007.0,0.4639716525
2025-02-20 00:00:00+03:30,8790023007.0,8819926081.0,8783200000.0,8790238402.0,0.5054169017
2025-02-20 01:00:00+03:30,8790238403.0,8816000000.0,8790230402.0,8805325000.0,0.1950290454
2025-02-20 02:00:00+03:30,8803000989.0,8834000000.0,8800151000.0,8833999988.0,0.4741826029
2025-02-20 03:00:00+03:30,8834000000.0,8834000000.0,8803931517.0,8833803111.0,0.0527535573
2025-02-20 04:00:00+03:30,8810123451.0,8836225803.0,8796073563.0,8836225802.0,0.2734280197
2025-02-20 05:00:00+03:30,8836225794.0,8837000000.0,8796073563.0,8836000000.0,0.3092739662
2025-02-20 06:00:00+03:30,8829999999.0,8845333162.0,8800000000.0,8821036000.0,0.4394039759
2025-02-20 07:00:00+03:30,8845299999.0,8855639802.0,8821190005.0,8853909108.0,0.4912385936
2025-02-20 08:00:00+03:30,8853909108.0,8869413127.0,8823544209.0,8860000898.0,0.7172347731
2025-02-20 09:00:00+03:30,8866000000.0,8870000000.0,8844000898.0,8869998987.0,0.3907000543
2025-02-20 10:00:00+03:30,8869998987.0,8878000000.0,8845374470.0,8857115000.0,0.6766815393
2025-02-20 11:00:00+03:30,8857115001.0,8900000001.0,8857113010.0,8900000001.0,1.0242882451
2025-02-20 12:00:00+03:30,8900000002.0,8949000000.0,8890000000.0,8921145010.0,1.079552503
2025-02-20 13:00:00+03:30,8922100000.0,8950000000.0,8922100000.0,8940000000.0,0.8039731149
2025-02-20 14:00:00+03:30,8948999999.0,8950000000.0,8926027002.0,8949999998.0,0.7689702192
2025-02-20 15:00:00+03:30,8949999998.0,8950000000.0,8926000000.0,8949999996.0,0.7730005341
2025-02-20 16:00:00+03:30,8949999996.0,8950000000.0,8930000009.0,8949999999.0,0.4985685648
2025-02-20 17:00:00+03:30,8949999999.0,9000000000.0,8946814140.0,8999999000.0,1.1220235438
2025-02-20 18:00:00+03:30,8985800001.0,9000000000.0,8890000004.0,8915004001.0,1.6732698456
2025-02-20 19:00:00+03:30,8915000000.0,8991212698.0,8915000000.0,8971473569.0,0.6308921789
2025-02-20 20:00:00+03:30,8972000000.0,9000000000.0,8921546959.0,9000000000.0,1.4350237028
2025-02-20 21:00:00+03:30,9000000000.0,9050210699.0,8960000000.0,9048995999.0,1.2834523192
2025-02-20 22:00:00+03:30,9048995999.0,9060000000.0,9000000115.0,9029999999.0,0.7091807012
2025-02-20 23:00:00+03:30,9029999999.0,9040000000.0,8941000000.0,8943000000.0,0.9602899159
2025-02-21 00:00:00+03:30,8944999998.0,8972440230.0,8718021040.0,8784444981.0,2.2099655602
2025-02-21 01:00:00+03:30,8784444981.0,8844824655.0,8710000000.0,8800100012.0,1.0469678825
2025-02-21 02:00:00+03:30,8800100012.0,8848799000.0,8716666665.0,8716666665.0,0.6375748829
2025-02-21 03:00:00+03:30,8716666665.0,8757252134.0,8658565586.0,8702999999.0,0.9641542684
2025-02-21 04:00:00+03:30,8703000002.0,8736161311.0,8669549126.0,8729429252.0,0.2475366142
2025-02-21 05:00:00+03:30,8685999992.0,8799999999.0,8685999992.0,8713340694.0,0.2032656177
2025-02-21 06:00:00+03:30,8713340699.0,8800000000.0,8690000000.0,8734208838.0,0.241716909
2025-02-21 07:00:00+03:30,8704990011.0,8841683366.0,8686003000.0,8798207445.0,0.2337510655
2025-02-21 08:00:00+03:30,8798207445.0,8822143358.0,8691682397.0,8792352143.0,0.2486645718
2025-02-21 09:00:00+03:30,8807259818.0,8899999998.0,8792000004.0,8893999999.0,0.5419510569
2025-02-21 10:00:00+03:30,8897999000.0,8933272903.0,8885021171.0,8933272903.0,0.5765540163
2025-02-21 11:00:00+03:30,8930005000.0,8933272903.0,8860000005.0,8861301000.0,0.5103840219
2025-02-21 12:00:00+03:30,8861301000.0,8876499999.0,8815873178.0,8832447003.0,0.5792850935
2025-02-21 13:00:00+03:30,8832447002.0,8900000000.0,8800000111.0,8889998992.0,0.4196701406
2025-02-21 14:00:00+03:30,8889998992.0,8910999997.0,8830102000.0,8875053053.0,0.3346625258
2025-02-21 15:00:00+03:30,8910999994.0,8930000000.0,8862060019.0,8926999997.0,0.3510334835
2025-02-21 16:00:00+03:30,8927000000.0,8948555000.0,8900140048.0,8925504011.0,0.6354942997
2025-02-21 17:00:00+03:30,8943995997.0,8997999999.0,8924000000.0,8948999999.0,0.7850637608
2025-02-21 18:00:00+03:30,8932002003.0,8990000000.0,8815873178.0,8818000001.0,0.8949134801
2025-02-21 19:00:00+03:30,8849994995.0,8944444444.0,8720000000.0,8900000001.0,1.1830034346
2025-02-21 20:00:00+03:30,8900000001.0,8925000000.0,8860000002.0,8870000002.0,0.5195630571
2025-02-21 21:00:00+03:30,8875000001.0,8887999999.0,8805000000.0,8805000000.0,0.6327058076
2025-02-21 22:00:00+03:30,8821999001.0,8829999996.0,8668000000.0,8668000000.0,1.2711999329
2025-02-21 23:00:00+03:30,8670000010.0,8750000000.0,8668000000.0,8711666666.0,1.0834227307
2025-02-22 00:00:00+03:30,8718248337.0,8750000000.0,8673826455.0,8679898889.0,0.9743916476
2025-02-22 01:00:00+03:30,8673826455.0,8788141414.0,8670000000.0,8788141414.0,0.219776691
2025-02-22 02:00:00+03:30,8788141414.0,8799999999.0,8742257003.0,8759100044.0,0.2113670607
2025-02-22 03:00:00+03:30,8799997987.0,8830015245.0,8760000182.0,8828999927.0,0.2763895653
2025-02-22 04:00:00+03:30,8800000001.0,8830774101.0,8784219834.0,8799000131.0,0.0641912932
2025-02-22 05:00:00+03:30,8799000330.0,8850000000.0,8799000329.0,8843999997.0,0.090205018
2025-02-22 06:00:00+03:30,8823880310.0,8849989599.0,8823880308.0,8849989598.0,0.0942885945
2025-02-22 07:00:00+03:30,8849989599.0,8880000000.0,8823000000.0,8879998990.0,0.3396457409
2025-02-22 08:00:00+03:30,8879998990.0,8879998990.0,8847000001.0,8877999997.0,0.249990032
2025-02-22 09:00:00+03:30,8860031037.0,8889999999.0,8778253098.0,8787004010.0,0.70851315
2025-02-22 10:00:00+03:30,8787004010.0,8879000000.0,8786013001.0,8871002002.0,0.4129429243
2025-02-22 11:00:00+03:30,8870000000.0,8899000000.0,8778000010.0,8894999999.0,0.8647901331
2025-02-22 12:00:00+03:30,8880000001.0,8897795250.0,8860000000.0,8864009009.0,0.4602549023
2025-02-22 13:00:00+03:30,8860027022.0,8888898988.0,8839010001.0,8840185002.0,0.4063915098
2025-02-22 14:00:00+03:30,8840114002.0,8884000000.0,8840114002.0,8883999000.0,0.2045646624
2025-02-22 15:00:00+03:30,8883000000.0,8895000000.0,8864917799.0,8893999999.0,0.2888885509
2025-02-22 16:00:00+03:30,8881301002.0,8910364792.0,8881301002.0,8892222001.0,0.3280214078
2025-02-22 17:00:00+03:30,8892222001.0,8907999999.0,8865000000.0,8865000000.0,0.2311930868
2025-02-22 18:00:00+03:30,8865199427.0,8865199427.0,8829747589.0,8830000001.0,0.2247713262
2025-02-22 19:00:00+03:30,8830000001.0,8865199427.0,8810000000.0,8863987985.0,0.2693926502
2025-02-22 20:00:00+03:30,8846000001.0,8865342273.0,8839000000.0,8843308015.0,0.2350777824
2025-02-22 21:00:00+03:30,8855798997.0,8855799999.0,8843305007.0,8843305007.0,0.3327122226
2025-02-22 22:00:00+03:30,8843305014.0,8843305014.0,8800000000.0,8800000000.0,0.2197691035
2025-02-22 23:00:00+03:30,8800000000.0,8803332818.0,8728217000.0,8739996000.0,0.5632229388
2025-02-23 00:00:00+03:30,8739995999.0,8818592367.0,8720000000.0,8802000000.0,0.3560363989
2025-02-23 01:00:00+03:30,8817999989.0,8839000000.0,8780000001.0,8815100000.0,0.2116077245
2025-02-23 02:00:00+03:30,8815100000.0,8839000000.0,8798208448.0,8798208449.0,0.0927033651
2025-02-23 03:00:00+03:30,8798208448.0,8838997999.0,8798208448.0,8800000000.0,0.0562661461
2025-02-23 04:00:00+03:30,8819999975.0,8845000000.0,8800000000.0,8830012345.0,0.0484534852
2025-02-23 05:00:00+03:30,8830012345.0,8845000000.0,8800000004.0,8800013008.0,0.1544007353
2025-02-23 06:00:00+03:30,8800017004.0,8839999981.0,8800017004.0,8838996193.0,0.0654725364
2025-02-23 07:00:00+03:30,8810000004.0,8839999982.0,8805800000.0,8805800000.0,0.1821542694
2025-02-23 08:00:00+03:30,8800020009.0,8840000000.0,8780100000.0,8819999966.0,0.2624462784
2025-02-23 09:00:00+03:30,8819999966.0,8840000000.0,8801005005.0,8818206207.0,0.4485318348
2025-02-23 10:00:00+03:30,8816691666.0,8840000000.0,8803255240.0,8803300000.0,0.3971391339
2025-02-23 11:00:00+03:30,8803300000.0,8820000000.0,8803300000.0,8804251022.0,0.2708042798
2025-02-23 12:00:00+03:30,8819999000.0,8839206206.0,8780104002.0,8839206206.0,0.4409036741
2025-02-23 13:00:00+03:30,8839206205.0,8839206206.0,8780300001.0,8785257336.0,0.2506643735
2025-02-23 14:00:00+03:30,8817999999.0,8820000000.0,8785257336.0,8800411010.0,0.1846346901
2025-02-23 15:00:00+03:30,8800411010.0,8820000000.0,8787226229.0,8810065132.0,0.2626983458
2025-02-23 16:00:00+03:30,8819206207.0,8830000000.0,8802410110.0,8819999999.0,0.3545280761
2025-02-23 17:00:00+03:30,8810001002.0,8830000000.0,8802000000.0,8802253000.0,0.2092047611
2025-02-23 18:00:00+03:30,8802282001.0,8829774767.0,8793206224.0,8795000000.0,0.2046860416
2025-02-23 19:00:00+03:30,8800000000.0,8801300000.0,8780521001.0,8801293996.0,0.2324832677
2025-02-23 20:00:00+03:30,8801293996.0,8819999993.0,8789000000.0,8814999996.0,0.3891261319
2025-02-23 21:00:00+03:30,8817999999.0,8830000000.0,8790000000.0,8818000003.0,0.5139788866
2025-02-23 22:00:00+03:30,8825999999.0,8826000000.0,8797600001.0,8809999998.0,0.214050332
2025-02-23 23:00:00+03:30,8809999998.0,8820000000.0,8760000000.0,8760000000.0,0.5704361409
2025-02-24 00:00:00+03:30,8760000000.0,8807999999.0,8750000000.0,8780000012.0,0.2847524617
2025-02-24 01:00:00+03:30,8780100000.0,8799999999.0,8780000012.0,8780001029.0,0.0900430796
2025-02-24 02:00:00+03:30,8780001029.0,8825000804.0,8780000013.0,8780000013.0,0.1639168526
2025-02-24 03:00:00+03:30,8823748818.0,8849900000.0,8785100071.0,8848999999.0,0.2841754749
2025-02-24 04:00:00+03:30,8848999999.0,8848999999.0,8823748614.0,8840999999.0,0.0187593727
2025-02-24 05:00:00+03:30,8823750006.0,8823750006.0,8805090000.0,8807000005.0,0.0124915933
2025-02-24 06:00:00+03:30,8823749619.0,8823749619.0,8785100003.0,8785100003.0,0.0502119921
2025-02-24 07:00:00+03:30,8785100003.0,8823748992.0,8760000009.0,8770000001.0,0.1690250151
2025-02-24 08:00:00+03:30,8797999997.0,8810000000.0,8760000009.0,8770000001.0,0.40712095
2025-02-24 09:00:00+03:30,8770000001.0,8809799002.0,8763000100.0,8808799998.0,0.3280453312
2025-02-24 10:00:00+03:30,8808799990.0,8815500000.0,8769025010.0,8800104000.0,0.4608427769
2025-02-24 11:00:00+03:30,8800104000.0,8800117000.0,8758000000.0,8761000000.0,0.5161995921
2025-02-24 12:00:00+03:30,8758000009.0,8815666666.0,8755000009.0,8815666666.0,0.3698477774
2025-02-24 13:00:00+03:30,8786172690.0,8815666666.0,8761002000.0,8770000001.0,0.1951327005
2025-02-24 14:00:00+03:30,8770000001.0,8792999987.0,8760965000.0,8788999998.0,0.3615514747
2025-02-24 15:00:00+03:30,8771017068.0,8805579648.0,8768000000.0,8779699998.0,0.3208969083
2025-02-24 16:00:00+03:30,8779699998.0,8805000000.0,8760964000.0,8774699484.0,0.2068642922
2025-02-24 17:00:00+03:30,8774699484.0,8799000000.0,8753000000.0,8779999996.0,0.3579579369
2025-02-24 18:00:00+03:30,8753147983.0,8789999997.0,8700000999.0,8720000001.0,1.4558801096
2025-02-24 19:00:00+03:30,8720000001.0,8776799000.0,8670000000.0,8769999996.0,0.876304589
2025-02-24 20:00:00+03:30,8769000000.0,8776798000.0,8668000100.0,8710999998.0,0.9586133765
2025-02-24 21:00:00+03:30,8710999998.0,8734795404.0,8668000000.0,8689998777.0,0.5384377679
2025-02-24 22:00:00+03:30,8689998777.0,8699853960.0,8650000001.0,8679999000.0,0.8325734043
2025-02-24 23:00:00+03:30,8670000002.0,8699853960.0,8600000000.0,8600000000.0,0.9752180608
2025-02-25 00:00:00+03:30,8601000101.0,8669397992.0,8580000000.0,8615200001.0,1.2022595984
2025-02-25 01:00:00+03:30,8615200000.0,8649999990.0,8526456199.0,8589999998.0,0.6726650898
2025-02-25 02:00:00+03:30,8589900000.0,8590000000.0,8460000000.0,8463292873.0,1.0858162907
2025-02-25 03:00:00+03:30,8463292873.0,8540000000.0,8365000000.0,8437000000.0,3.0135136026
2025-02-25 04:00:00+03:30,8437000000.0,8489168653.0,8370000005.0,8450000000.0,0.3516755171
2025-02-25 05:00:00+03:30,8457999997.0,8529297333.0,8412200003.0,8523180773.0,0.3665482669
2025-02-25 06:00:00+03:30,8510004000.0,8556569266.0,8471033656.0,8471033659.0,0.4969719645
2025-02-25 07:00:00+03:30,8522396315.0,8577023210.0,8473000008.0,8549715990.0,0.5451417417
2025-02-25 08:00:00+03:30,8530100001.0,8561999979.0,8416301000.0,8436999998.0,1.1221904987
2025-02-25 09:00:00+03:30,8438000001.0,8477058572.0,8425000000.0,8445765559.0,0.5569527618
2025-02-25 10:00:00+03:30,8445765559.0,8476519934.0,8250000000.0,8274994989.0,2.4350429856
2025-02-25 11:00:00+03:30,8250151016.0,8356799000.0,8153002000.0,8249998998.0,3.9120529893
2025-02-25 12:00:00+03:30,8221005224.0,8294995000.0,8154002004.0,8156000000.0,1.4334104454
2025-02-25 13:00:00+03:30,8159887535.0,8213000000.0,8000000000.0,8064000001.0,3.3289189815
2025-02-25 14:00:00+03:30,8064000001.0,8184999999.0,8060000001.0,8077038221.0,2.0909442971
2025-02-25 15:00:00+03:30,8088889999.0,8299999999.0,8065005001.0,8243000008.0,1.5396899261
2025-02-25 16:00:00+03:30,8266016003.0,8280703528.0,8211000020.0,8222000117.0,0.6942196107
2025-02-25 17:00:00+03:30,8222015124.0,8272220000.0,8184000000.0,8228000000.0,1.0400762218
2025-02-25 18:00:00+03:30,8229888888.0,8229888888.0,7901000000.0,8008000002.0,2.2764165526
2025-02-25 19:00:00+03:30,8036799001.0,8137974805.0,7902100000.0,7957719321.0,1.9876010636
2025-02-25 20:00:00+03:30,7957719321.0,8137799990.0,7942300999.0,8084845228.0,1.0774807212
2025-02-25 21:00:00+03:30,8090000000.0,8130000000.0,8000001000.0,8000001001.0,1.4377391831
2025-02-25 22:00:00+03:30,8000001001.0,8099000000.0,7955500000.0,8035000000.0,1.1346387482
2025-02-25 23:00:00+03:30,8000014085.0,8199999990.0,8000014085.0,8197999983.0,0.7014166894
2025-02-26 00:00:00+03:30,8197999983.0,8223869461.0,8114577191.0,8184999980.0,0.8595785812
2025-02-26 01:00:00+03:30,8165000022.0,8270000000.0,8120000009.0,8211800012.0,0.392595096
2025-02-26 02:00:00+03:30,8211800030.0,8254000000.0,8165000025.0,8226356899.0,0.2628747671
2025-02-26 03:00:00+03:30,8253989992.0,8268999999.0,8165000000.0,8165000009.0,0.2276797622
2025-02-26 04:00:00+03:30,8165010010.0,8217999998.0,8150000005.0,8204754949.0,0.070016457
2025-02-26 05:00:00+03:30,8204754940.0,8219998996.0,8167756102.0,8219998996.0,0.3081940499
2025-02-26 06:00:00+03:30,8219998996.0,8314999600.0,8219000000.0,8280500001.0,0.3627824682
2025-02-26 07:00:00+03:30,8280500001.0,8302999997.0,8250000000.0,8270000001.0,0.4148811011
2025-02-26 08:00:00+03:30,8270000002.0,8287999998.0,8225000000.0,8259999999.0,0.4842881741
2025-02-26 09:00:00+03:30,8259999999.0,8270000000.0,8180001001.0,8209999995.0,0.4554478125
2025-02-26 10:00:00+03:30,8209999995.0,8264999999.0,8190155015.0,8249999954.0,1.5755254653
2025-02-26 11:00:00+03:30,8215205009.0,8249999954.0,8181326004.0,8237397992.0,0.8105294587
2025-02-26 12:00:00+03:30,8200000011.0,8270000000.0,8185500000.0,8238160119.0,0.5788702158
2025-02-26 13:00:00+03:30,8247999990.0,8294444444.0,8240000004.0,8255626070.0,0.4687189398
2025-02-26 14:00:00+03:30,8255669073.0,8300000000.0,8255669072.0,8276000000.0,0.5840376036
2025-02-26 15:00:00+03:30,8276000000.0,8293999994.0,8201006387.0,8220000000.0,0.542800675
2025-02-26 16:00:00+03:30,8220000001.0,8265000000.0,8125509638.0,8151300001.0,0.569044495
2025-02-26 17:00:00+03:30,8174999999.0,8187999999.0,7950999980.0,7999999998.0,1.7682935222
2025-02-26 18:00:00+03:30,7984999994.0,8244444444.0,7965010102.0,8140101001.0,1.8592488472
2025-02-26 19:00:00+03:30,8159878999.0,8180234399.0,8010000003.0,8074600000.0,0.8580658207
2025-02-26 20:00:00+03:30,8074500000.0,8120900000.0,8050000000.0,8060250001.0,0.635264927
2025-02-26 21:00:00+03:30,8099883958.0,8099883958.0,7958000000.0,7964002000.0,0.9844445777
2025-02-26 22:00:00+03:30,7958000000.0,7998999999.0,7800000090.0,7871500001.0,4.5682243468
2025-02-26 23:00:00+03:30,7871500000.0,7923747326.0,7753232252.0,7850000000.0,3.6189213636
2025-02-27 00:00:00+03:30,7850000000.0,7937748948.0,7755331169.0,7841119812.0,2.1061377089
2025-02-27 01:00:00+03:30,7850000000.0,7948500000.0,7771986326.0,7857447110.0,0.9382978921
2025-02-27 02:00:00+03:30,7895979964.0,7895979964.0,7804232233.0,7828999998.0,0.2576347911
2025-02-27 03:00:00+03:30,7828999999.0,7890699991.0,7815765521.0,7850000000.0,0.108186012
2025-02-27 04:00:00+03:30,7850000000.0,7950865494.0,7835500335.0,7950865494.0,0.1716330301
2025-02-27 05:00:00+03:30,7928792137.0,7950863487.0,7855000517.0,7949891337.0,0.1968831156
2025-02-27 06:00:00+03:30,7928000000.0,7935000001.0,7855100005.0,7855100005.0,0.368581382
2025-02-27 07:00:00+03:30,7900000099.0,7950865494.0,7855100005.0,7915000003.0,0.2919124077
2025-02-27 08:00:00+03:30,7915000003.0,8000000000.0,7915000002.0,7999999000.0,0.9820618997
2025-02-27 09:00:00+03:30,7999999000.0,8064999999.0,7998000000.0,8030000003.0,0.8308151123
2025-02-27 10:00:00+03:30,8055555540.0,8074559286.0,8016000002.0,8016000003.0,0.8291908725
2025-02-27 11:00:00+03:30,8016000003.0,8048997957.0,7990000000.0,7990000000.0,0.6351257804
2025-02-27 12:00:00+03:30,7990000000.0,8030405059.0,7966326869.0,8001101000.0,0.5200530718
2025-02-27 13:00:00+03:30,8014966993.0,8048971999.0,8001101000.0,8038000000.0,0.6143994253
2025-02-27 14:00:00+03:30,8023000001.0,8069990000.0,8020000000.0,8067000000.0,0.3834822523
2025-02-27 15:00:00+03:30,8067000000.0,8069934996.0,8013630040.0,8038921952.0,0.3300934503
2025-02-27 16:00:00+03:30,8038921951.0,8060000000.0,8009900000.0,8011053255.0,0.3785016448
2025-02-27 17:00:00+03:30,8012220000.0,8048999997.0,7965000000.0,8030000000.0,1.093736249
2025-02-27 18:00:00+03:30,8030000000.0,8030000000.0,7850000000.0,7949939924.0,0.660671922
2025-02-27 19:00:00+03:30,7951998000.0,8019542348.0,7900000000.0,7900000001.0,0.3914846661
2025-02-27 20:00:00+03:30,7930985990.0,7931188997.0,7822000016.0,7894146148.0,0.6167315135
2025-02-27 21:00:00+03:30,7854000002.0,7894136138.0,7829900001.0,7832974899.0,0.4090712354
2025-02-27 22:00:00+03:30,7832993900.0,7879000000.0,7800002000.0,7800004125.0,0.421458426
2025-02-27 23:00:00+03:30,7800004154.0,7835751024.0,7680000000.0,7680000000.0,1.8129406668
2025-02-28 00:00:00+03:30,7680000000.0,7852817729.0,7658800000.0,7819754996.0,0.8135755719
2025-02-28 01:00:00+03:30,7819754996.0,7849999998.0,7819754996.0,7847726004.0,0.2935762291
2025-02-28 02:00:00+03:30,7835295955.0,7884722927.0,7819754997.0,7871000000.0,0.1886472519
2025-02-28 03:00:00+03:30,7884722925.0,7896936000.0,7850996244.0,7888183784.0,0.1329123826
2025-02-28 04:00:00+03:30,7888183784.0,7888183784.0,7750100000.0,7752303204.0,0.2126894543
2025-02-28 05:00:00+03:30,7750100000.0,7750100000.0,7600000000.0,7665002082.0,1.6389966265
2025-02-28 06:00:00+03:30,7612050006.0,7790000000.0,7450000001.0,7574000000.0,3.4526261006
2025-02-28 07:00:00+03:30,7571999999.0,7574000000.0,7350000021.0,7500000000.0,3.2210435815
2025-02-28 08:00:00+03:30,7500000000.0,7694997000.0,7352127460.0,7416492541.0,1.1736322058
2025-02-28 09:00:00+03:30,7433476459.0,7474985446.0,7360000000.0,7400700007.0,1.6295272153
2025-02-28 10:00:00+03:30,7400700008.0,7499779318.0,7371010000.0,7429999980.0,1.1080575564
2025-02-28 11:00:00+03:30,7428000000.0,7449999989.0,7325000000.0,7358000000.0,1.7377140834
2025-02-28 12:00:00+03:30,7349999999.0,7498150111.0,7300000003.0,7498144008.0,1.1901821915
2025-02-28 13:00:00+03:30,7498100000.0,7546139060.0,7390000000.0,7440000000.0,1.6190342232
2025-02-28 14:00:00+03:30,7444186740.0,7544444443.0,7412362154.0,7533790000.0,0.6123737824
2025-02-28 15:00:00+03:30,7533790000.0,7576623244.0,7500003000.0,7525000000.0,1.0271379633
2025-02-28 16:00:00+03:30,7525501006.0,7649000000.0,7522000007.0,7550000000.0,1.6317210817
2025-02-28 17:00:00+03:30,7555670677.0,7708310489.0,7523001000.0,7636000000.0,1.661577694
2025-02-28 18:00:00+03:30,7664799998.0,7864691829.0,7586534293.0,7864072604.0,2.2539733953
2025-02-28 19:00:00+03:30,7864072604.0,7864072604.0,7748244718.0,7750554383.0,1.8842167354
2025-02-28 20:00:00+03:30,7750554383.0,7881500000.0,7750554383.0,7806358374.0,1.3272806489
2025-02-28 21:00:00+03:30,7808000000.0,7830531400.0,7653546994.0,7755001983.0,0.799154923
2025-02-28 22:00:00+03:30,7755001984.0,7860000000.0,7732040051.0,7812569823.0,1.9951344679
2025-02-28 23:00:00+03:30,7839895996.0,7839895996.0,7740000000.0,7753301001.0,0.7136767827
2025-03-01 00:00:00+03:30,7753301001.0,7810000000.0,7728300001.0,7794999999.0,0.6004330248
2025-03-01 01:00:00+03:30,7780000003.0,7809995997.0,7763000000.0,7780000000.0,0.1654025807
2025-03-01 02:00:00+03:30,7780000020.0,7809995998.0,7776200000.0,7780600020.0,0.1773527994
2025-03-01 03:00:00+03:30,7781000000.0,7838000000.0,7781000000.0,7794363520.0,0.1148565854
2025-03-01 04:00:00+03:30,7794363520.0,7821423716.0,7765000099.0,7770000016.0,0.0768072608
2025-03-01 05:00:00+03:30,7795999896.0,7864820410.0,7765000099.0,7864820400.0,0.2520079835
2025-03-01 06:00:00+03:30,7864820400.0,7900000000.0,7850000004.0,7865000000.0,0.6127916376
2025-03-01 07:00:00+03:30,7865000088.0,7944782322.0,7850000000.0,7943962994.0,0.9560293102
2025-03-01 08:00:00+03:30,7917100000.0,8000000000.0,7917100000.0,7952500001.0,1.1454455265
2025-03-01 09:00:00+03:30,7952500001.0,7965000000.0,7865828456.0,7865828456.0,0.863389122
2025-03-01 10:00:00+03:30,7876300999.0,7888989996.0,7836000000.0,7836000000.0,0.862500744
2025-03-01 11:00:00+03:30,7837536650.0,7889237636.0,7804100000.0,7867118001.0,0.7344141928
2025-03-01 12:00:00+03:30,7887996991.0,7933799000.0,7854000563.0,7919980298.0,0.8454794785
2025-03-01 13:00:00+03:30,7919980999.0,7933000000.0,7860158183.0,7913900000.0,0.4834298933
2025-03-01 14:00:00+03:30,7913900000.0,7914139000.0,7800100000.0,7804503002.0,0.6844035024
2025-03-01 15:00:00+03:30,7804509003.0,7860000000.0,7800000000.0,7800000000.0,0.4779729227
2025-03-01 16:00:00+03:30,7800000000.0,7847000000.0,7750000001.0,7781676010.0,0.4869732106
2025-03-01 17:00:00+03:30,7781676027.0,7817999952.0,7699999000.0,7775400000.0,0.7613994768
2025-03-01 18:00:00+03:30,7775400000.0,7809999999.0,7733600001.0,7775342000.0,0.6282559621
2025-03-01 19:00:00+03:30,7774343347.0,7828842732.0,7741000001.0,7804116914.0,0.402257464
2025-03-01 20:00:00+03:30,7823577998.0,7847000000.0,7804190000.0,7836999999.0,0.3116644839
2025-03-01 21:00:00+03:30,7836999999.0,7850000000.0,7812064001.0,7837028006.0,0.2666566879
2025-03-01 22:00:00+03:30,7837028011.0,7868798999.0,7830000001.0,7832085014.0,0.3740445141
2025-03-01 23:00:00+03:30,7832085016.0,7850978999.0,7832065011.0,7849499999.0,0.5945346535
2025-03-02 00:00:00+03:30,7849499999.0,7849499999.0,7810000001.0,7827418993.0,0.2938594521
2025-03-02 01:00:00+03:30,7827418993.0,7890000000.0,7815000000.0,7867000000.0,0.3761179044
2025-03-02 02:00:00+03:30,7867000000.0,7895000000.0,7850000000.0,7851000015.0,0.1657321114
2025-03-02 03:00:00+03:30,7855000000.0,7897500099.0,7851200000.0,7862049038.0,0.0665878474
2025-03-02 04:00:00+03:30,7892999993.0,7920000000.0,7860158182.0,7900000001.0,0.3537174284
2025-03-02 05:00:00+03:30,7919999999.0,7930000000.0,7878947433.0,7894816731.0,0.1708898436
2025-03-02 06:00:00+03:30,7891473553.0,7912459937.0,7860158182.0,7897999998.0,0.2080665696
2025-03-02 07:00:00+03:30,7868000000.0,7912459936.0,7825000000.0,7825000000.0,0.3977024807
2025-03-02 08:00:00+03:30,7825000000.0,7825000000.0,7781000212.0,7816573602.0,0.3308933335
2025-03-02 09:00:00+03:30,7816573602.0,7851000000.0,7800001005.0,7847222220.0,0.4916651026
2025-03-02 10:00:00+03:30,7847222220.0,7899999999.0,7847222220.0,7867002029.0,0.4699565246
2025-03-02 11:00:00+03:30,7867002030.0,7900000000.0,7847222220.0,7847222220.0,0.349965078
2025-03-02 12:00:00+03:30,7847222999.0,7850000000.0,7822003005.0,7828860119.0,0.2359246604
2025-03-02 13:00:00+03:30,7828860120.0,7878464530.0,7828080000.0,7830000000.0,0.2606381814
2025-03-02 14:00:00+03:30,7830000000.0,7849890000.0,7800000000.0,7830000001.0,0.4264761956
2025-03-02 15:00:00+03:30,7830000002.0,7853943677.0,7805000000.0,7834999999.0,0.2508809311
2025-03-02 16:00:00+03:30,7834999999.0,7845000000.0,7813027001.0,7838999995.0,0.1778436383
2025-03-02 17:00:00+03:30,7821000100.0,7838999995.0,7780003330.0,7780003332.0,0.9972813645
2025-03-02 18:00:00+03:30,7780004001.0,7870086595.0,7699000000.0,7866999010.0,0.7507764341
2025-03-02 19:00:00+03:30,7870363862.0,8096000000.0,7851321123.0,7979189271.0,4.4460542784
2025-03-02 20:00:00+03:30,7979189271.0,8260000000.0,7967000001.0,8259932998.0,4.7369315657
2025-03-02 21:00:00+03:30,8250010000.0,8498002788.0,8200000000.0,8312196208.0,5.9792948919
2025-03-02 22:00:00+03:30,8312196208.0,8312196208.0,8100100000.0,8237000000.0,4.0889566354
2025-03-02 23:00:00+03:30,8237823699.0,8300000000.0,8216003001.0,8252110023.0,1.1888048105
2025-03-03 00:00:00+03:30,8281999999.0,8332616104.0,8252065346.0,8260500001.0,0.9626406472
2025-03-03 01:00:00+03:30,8260500001.0,8289121764.0,8154737910.0,8271000001.0,0.809835975
2025-03-03 02:00:00+03:30,8288989998.0,8345942956.0,8261000002.0,8284994577.0,0.4448467588
2025-03-03 03:00:00+03:30,8284994578.0,8300000000.0,8215184606.0,8220320349.0,0.4326524891
2025-03-03 04:00:00+03:30,8220329364.0,8275968672.0,8155000000.0,8219391280.0,0.2116234208
2025-03-03 05:00:00+03:30,8178000004.0,8282580153.0,8134612044.0,8213300004.0,0.4423775737
2025-03-03 06:00:00+03:30,8213300006.0,8278999990.0,8163024705.0,8229999994.0,0.3943745959
2025-03-03 07:00:00+03:30,8229999992.0,8299999950.0,8172000007.0,8253304001.0,0.4497733247
2025-03-03 08:00:00+03:30,8259000000.0,8333333334.0,8249000000.0,8331798989.0,0.7055280121
2025-03-03 09:00:00+03:30,8303264001.0,8360000000.0,8303264001.0,8312358000.0,0.5399727842
2025-03-03 10:00:00+03:30,8312358000.0,8322114000.0,8100000000.0,8207176293.0,1.8984184163
2025-03-03 11:00:00+03:30,8200020000.0,8314647019.0,8200020000.0,8250000000.0,1.6140116768
2025-03-03 12:00:00+03:30,8250000000.0,8282584156.0,8190000000.0,8250000000.0,0.7480496698
2025-03-03 13:00:00+03:30,8250000000.0,8312550200.0,8223010000.0,8293030009.0,1.0676514744
2025-03-03 14:00:00+03:30,8293030009.0,8344444444.0,8271822889.0,8342920997.0,0.7401622313
2025-03-03 15:00:00+03:30,8342920997.0,8429036945.0,8320031004.0,8390000100.0,1.3309424275
2025-03-03 16:00:00+03:30,8390000100.0,8404263970.0,8325000002.0,8385002001.0,0.4855849194
2025-03-03 17:00:00+03:30,8385002001.0,8430000010.0,8323000000.0,8355376650.0,0.6535527733
2025-03-03 18:00:00+03:30,8355376650.0,8360000000.0,8008000009.0,8186659658.0,2.210530132
2025-03-03 19:00:00+03:30,8155885886.0,8186414058.0,8087936094.0,8138833848.0,1.4591018185
2025-03-03 20:00:00+03:30,8139032759.0,8163147564.0,8087500001.0,8120000000.0,0.7968176334
2025-03-03 21:00:00+03:30,8087500001.0,8218360391.0,7810510001.0,7872684330.0,1.5691953124
2025-03-03 22:00:00+03:30,7860684005.0,7949943699.0,7800000000.0,7810000001.0,2.3442229287
2025-03-03 23:00:00+03:30,7810999999.0,7895000000.0,7700000000.0,7730020002.0,1.8584512901
2025-03-04 00:00:00+03:30,7730000000.0,7887153821.0,7720000000.0,7812558818.0,1.5492563034
2025-03-04 01:00:00+03:30,7815321476.0,7881283713.0,7736799000.0,7881283693.0,0.7207978648
2025-03-04 02:00:00+03:30,7881283692.0,7910000000.0,7818000000.0,7905095357.0,0.3908629021
2025-03-04 03:00:00+03:30,7901748957.0,7901748957.0,7824959706.0,7886796119.0,0.0959261037
2025-03-04 04:00:00+03:30,7886796114.0,7886796115.0,7777000000.0,7812097035.0,0.1154761864
2025-03-04 05:00:00+03:30,7780000000.0,7827657142.0,7516300999.0,7577801346.0,2.6774448625
2025-03-04 06:00:00+03:30,7577801346.0,7741067189.0,7555653930.0,7710999997.0,0.6608647306
2025-03-04 07:00:00+03:30,7710999995.0,7731999999.0,7650000009.0,7719909680.0,0.5482805184
2025-03-04 08:00:00+03:30,7719909680.0,7778000000.0,7616300999.0,7726000000.0,0.965587093
2025-03-04 09:00:00+03:30,7726000000.0,7778000000.0,7685325718.0,7756798974.0,0.9649653836
2025-03-04 10:00:00+03:30,7756798973.0,7756798974.0,7610000000.0,7641999995.0,0.8253598609
2025-03-04 11:00:00+03:30,7641999995.0,7728875853.0,7603004584.0,7679336995.0,0.5330255326
2025-03-04 12:00:00+03:30,7686000000.0,7743961885.0,7649565000.0,7690005015.0,0.5061405226
2025-03-04 13:00:00+03:30,7724920716.0,7730000000.0,7663165953.0,7694999978.0,0.380614862
2025-03-04 14:00:00+03:30,7694769127.0,7756798970.0,7669000000.0,7730303027.0,0.2957349538
2025-03-04 15:00:00+03:30,7730303027.0,7730303030.0,7656666666.0,7657171718.0,0.6044798834
2025-03-04 16:00:00+03:30,7691545792.0,7729000000.0,7576811205.0,7576811205.0,0.6296269338
2025-03-04 17:00:00+03:30,7576811205.0,7679336994.0,7560000000.0,7619693375.0,1.4022575227
2025-03-04 18:00:00+03:30,7619693375.0,7777777777.0,7500000000.0,7550909092.0,3.4999456517
2025-03-04 19:00:00+03:30,7550909092.0,7608586982.0,7550909091.0,7560000000.0,1.1503589652
2025-03-04 20:00:00+03:30,7552074452.0,7758799000.0,7551000000.0,7739000007.0,1.2308050141
2025-03-04 21:00:00+03:30,7758790000.0,7869356000.0,7686756931.0,7778023007.0,1.9426240849
2025-03-04 22:00:00+03:30,7828989997.0,8070000000.0,7778018006.0,7965941457.0,2.4549880135
2025-03-04 23:00:00+03:30,7965941457.0,8050275904.0,7948001999.0,7961533055.0,1.4818974491
2025-03-05 00:00:00+03:30,7961533056.0,8007055742.0,7785000000.0,8007055742.0,1.0882179851
2025-03-05 01:00:00+03:30,8007055742.0,8009995000.0,7814942863.0,7900010091.0,0.6138502322
2025-03-05 02:00:00+03:30,7900020119.0,7943500000.0,7841368960.0,7898999998.0,0.1677900615
2025-03-05 03:00:00+03:30,7860158190.0,7898999999.0,7841370964.0,7853895108.0,0.1080562204
2025-03-05 04:00:00+03:30,7849958124.0,7920000000.0,7811300999.0,7920000000.0,0.1508850398
2025-03-05 05:00:00+03:30,7920000000.0,7960000000.0,7867689095.0,7897736629.0,0.1816843527
2025-03-05 06:00:00+03:30,7897736629.0,7979999998.0,7897736629.0,7945000005.0,0.1829207447
2025-03-05 07:00:00+03:30,7979999998.0,7979999998.0,7867000000.0,7901830836.0,0.4676713255
2025-03-05 08:00:00+03:30,7901830836.0,7901830836.0,7839000005.0,7850000002.0,0.4442674254
2025-03-05 09:00:00+03:30,7868935954.0,7899999999.0,7806102202.0,7853895109.0,0.3921339815
2025-03-05 10:00:00+03:30,7853895109.0,7910000000.0,7807000000.0,7909999999.0,0.432678492
2025-03-05 11:00:00+03:30,7907004336.0,7942765036.0,7872684331.0,7899000000.0,0.6678841276
2025-03-05 12:00:00+03:30,7900000000.0,7983999999.0,7890000000.0,7979999997.0,0.6441530473
2025-03-05 13:00:00+03:30,7979999997.0,8000000000.0,7921000001.0,7999999999.0,0.6706069624
2025-03-05 14:00:00+03:30,7999999999.0,8097000001.0,7999999998.0,8042000000.0,1.6037154334
2025-03-05 15:00:00+03:30,8049994000.0,8100000000.0,8020000005.0,8026500004.0,0.8831302677
2025-03-05 16:00:00+03:30,8027000001.0,8093499998.0,8000000000.0,8036535122.0,1.4742257417
2025-03-05 17:00:00+03:30,8014883655.0,8036525121.0,7943300999.0,7991020000.0,0.8071735246
2025-03-05 18:00:00+03:30,7991020000.0,8019560704.0,7860000000.0,7860000000.0,0.7751471934
2025-03-05 19:00:00+03:30,7860158181.0,7940000000.0,7815000000.0,7835105873.0,0.7610011768
2025-03-05 20:00:00+03:30,7835101868.0,8022603849.0,7816800000.0,8022603849.0,1.0296099972
2025-03-05 21:00:00+03:30,8023745110.0,8050000000.0,7928138141.0,7968926904.0,0.6626821078
2025-03-05 22:00:00+03:30,7950114004.0,7998000000.0,7906301009.0,7988798992.0,0.3645407564
2025-03-05 23:00:00+03:30,7988798992.0,7999000000.0,7920000000.0,7973200000.0,0.498047615
2025-03-06 00:00:00+03:30,7994500000.0,8043002119.0,7973000005.0,8035999999.0,0.4979016523
2025-03-06 01:00:00+03:30,8010099610.0,8035998997.0,7971231231.0,8000016065.0,0.2238677819
2025-03-06 02:00:00+03:30,7982000101.0,8020000000.0,7970000011.0,8000700004.0,0.2006878893
2025-03-06 03:00:00+03:30,8000700021.0,8050000000.0,8000700021.0,8004151609.0,0.3484822659
2025-03-06 04:00:00+03:30,8004151626.0,8043002086.0,7958532732.0,8002020026.0,0.1659397937
2025-03-06 05:00:00+03:30,8033424322.0,8150000000.0,7958532736.0,8071683104.0,1.2846537046
2025-03-06 06:00:00+03:30,8115000007.0,8159876542.0,8074939668.0,8159872537.0,0.3283456506
2025-03-06 07:00:00+03:30,8159871999.0,8169631404.0,8113668396.0,8166666665.0,0.4795403527
2025-03-06 08:00:00+03:30,8166666665.0,8250000000.0,8122598982.0,8212022001.0,1.0962954995
2025-03-06 09:00:00+03:30,8212022001.0,8250000000.0,8150000000.0,8150215004.0,1.0539186766
2025-03-06 10:00:00+03:30,8150002001.0,8198999997.0,8056300999.0,8080033001.0,0.8905514328
2025-03-06 11:00:00+03:30,8099949975.0,8120000001.0,8071007452.0,8113000000.0,0.8064308602
2025-03-06 12:00:00+03:30,8120000001.0,8150000000.0,8074205001.0,8089131118.0,0.4419714844
2025-03-06 13:00:00+03:30,8074205001.0,8150000000.0,8074205001.0,8122004203.0,0.6003353453
2025-03-06 14:00:00+03:30,8123000001.0,8150000000.0,8100000000.0,8143203999.0,0.3177287848
2025-03-06 15:00:00+03:30,8148999000.0,8175252411.0,8101200000.0,8131997990.0,0.5830500621
2025-03-06 16:00:00+03:30,8131997991.0,8139000000.0,8008008889.0,8024000001.0,0.9453201784
2025-03-06 17:00:00+03:30,8024000001.0,8082277106.0,7955370563.0,7994531004.0,0.4842038449
2025-03-06 18:00:00+03:30,7994531004.0,8155371101.0,7950000000.0,8117760731.0,0.7504867135
2025-03-06 19:00:00+03:30,8117760728.0,8185000000.0,8023300999.0,8041000000.0,1.5576844743
2025-03-06 20:00:00+03:30,8058092671.0,8070999999.0,7903999702.0,7949862452.0,0.6845699011
2025-03-06 21:00:00+03:30,7949862451.0,7970000000.0,7903000000.0,7920000000.0,0.5726835027
2025-03-06 22:00:00+03:30,7919999999.0,7969999990.0,7886540000.0,7903975989.0,0.5053441921
2025-03-06 23:00:00+03:30,7896100000.0,8049421115.0,7867140000.0,7914997002.0,0.6388712848
2025-03-07 00:00:00+03:30,7907922032.0,8049421115.0,7900400000.0,7965000015.0,0.8887352189
2025-03-07 01:00:00+03:30,7965000018.0,8090809080.0,7965000018.0,8000000039.0,0.6660440843
2025-03-07 02:00:00+03:30,8000000047.0,8079998888.0,7965000050.0,8059999989.0,0.4101356255
2025-03-07 03:00:00+03:30,8019751236.0,8079998888.0,7765000000.0,7797367527.0,1.3750899822
2025-03-07 04:00:00+03:30,7797367526.0,8000000000.0,7639601964.0,7866421259.0,2.4254891824
2025-03-07 05:00:00+03:30,7861863233.0,7994346130.0,7820970999.0,7880000000.0,0.5282504683
2025-03-07 06:00:00+03:30,7880000000.0,7959999998.0,7834210696.0,7865000119.0,0.1313434112
2025-03-07 07:00:00+03:30,7889999995.0,7893799000.0,7800157932.0,7870363860.0,0.1953227068
2025-03-07 08:00:00+03:30,7870363859.0,7956217292.0,7800000000.0,7933280454.0,0.442093107
2025-03-07 09:00:00+03:30,7933276442.0,7966999986.0,7909000004.0,7940000000.0,0.2050332891
2025-03-07 10:00:00+03:30,7940000000.0,8000000000.0,7910014023.0,7968004001.0,0.52957935
2025-03-07 11:00:00+03:30,7968004001.0,7989999997.0,7900000004.0,7950000005.0,0.4083922966
2025-03-07 12:00:00+03:30,7950000005.0,8033000000.0,7950000000.0,8033000000.0,0.4871895265
2025-03-07 13:00:00+03:30,8033000000.0,8079090699.0,7903333333.0,7967000000.0,0.4656120328
2025-03-07 14:00:00+03:30,7967000000.0,7999992999.0,7950010013.0,7970215884.0,0.2142817347
2025-03-07 15:00:00+03:30,7970215884.0,8028799000.0,7945880057.0,7950015025.0,0.4468937424
2025-03-07 16:00:00+03:30,7950015025.0,8049421115.0,7914248370.0,8001000000.0,0.4272444806
2025-03-07 17:00:00+03:30,8008126758.0,8088888888.0,7980000001.0,8000000000.0,0.7469039911
2025-03-07 18:00:00+03:30,7999999999.0,8150000000.0,7923300999.0,7923300999.0,1.3739252124
2025-03-07 19:00:00+03:30,7930000000.0,7968799000.0,7787652011.0,7794363522.0,1.3274461536
2025-03-07 20:00:00+03:30,7794363522.0,7848799000.0,7731958762.0,7827997910.0,1.2189565249
2025-03-07 21:00:00+03:30,7800000000.0,7908111410.0,7781556600.0,7850785010.0,1.7779522716
2025-03-07 22:00:00+03:30,7888450947.0,7945000000.0,7840000000.0,7889999995.0,0.5260293044
2025-03-07 23:00:00+03:30,7889999995.0,7889999995.0,7794952718.0,7815000024.0,0.4908143566
2025-03-08 00:00:00+03:30,7847715298.0,7889207915.0,7673300999.0,7797886564.0,2.3779042488
2025-03-08 01:00:00+03:30,7790000000.0,7797886561.0,7660000000.0,7681766479.0,0.820858756
2025-03-08 02:00:00+03:30,7681799486.0,7779999999.0,7681799486.0,7752279928.0,0.233362448
2025-03-08 03:00:00+03:30,7752279983.0,7775404241.0,7736527802.0,7748000000.0,0.1803974126
2025-03-08 04:00:00+03:30,7748000001.0,7775265088.0,7691508642.0,7691508642.0,0.2126834488
2025-03-08 05:00:00+03:30,7691508642.0,7756906054.0,7640000000.0,7682846305.0,0.3361299983
2025-03-08 06:00:00+03:30,7719399997.0,7750000000.0,7663231111.0,7710999997.0,0.5105315956
2025-03-08 07:00:00+03:30,7710909898.0,7749999992.0,7663232112.0,7711770000.0,0.7101947841
2025-03-08 08:00:00+03:30,7711770004.0,7773994981.0,7711770003.0,7739878206.0,0.3788108992
2025-03-08 09:00:00+03:30,7715000000.0,7804116913.0,7700000000.0,7772000005.0,0.5136652281
2025-03-08 10:00:00+03:30,7775000001.0,7804028896.0,7756754827.0,7761001008.0,0.4720029008
2025-03-08 11:00:00+03:30,7784986883.0,7804116914.0,7750115999.0,7800000001.0,0.3018188046
2025-03-08 12:00:00+03:30,7800000001.0,7806999999.0,7750000000.0,7782045818.0,0.5423910205
2025-03-08 13:00:00+03:30,7780399527.0,7804965995.0,7722000989.0,7770000001.0,0.5241748415
2025-03-08 14:00:00+03:30,7770000001.0,7804975998.0,7765000000.0,7771013000.0,0.2431118645
2025-03-08 15:00:00+03:30,7771013001.0,7804950000.0,7750554383.0,7761683285.0,0.4589705583
2025-03-08 16:00:00+03:30,7762955271.0,7800000000.0,7756003000.0,7770013008.0,0.4567146188
2025-03-08 17:00:00+03:30,7770014001.0,7828075117.0,7761000001.0,7790041000.0,0.1719353798
2025-03-08 18:00:00+03:30,7790000000.0,7830000000.0,7733333333.0,7733333334.0,0.5116709778
2025-03-08 19:00:00+03:30,7733333334.0,7777070009.0,7730000000.0,7735000001.0,0.2991460859
2025-03-08 20:00:00+03:30,7735000001.0,7799000000.0,7724000000.0,7742057984.0,0.4777404527
2025-03-08 21:00:00+03:30,7742057984.0,7781570302.0,7742057984.0,7755000037.0,0.1762075103
2025-03-08 22:00:00+03:30,7779999982.0,7779999993.0,7750000000.0,7750000012.0,0.4077091512
2025-03-08 23:00:00+03:30,7777999973.0,7800000000.0,7750000015.0,7750000015.0,0.3434269145
2025-03-09 00:00:00+03:30,7750000015.0,7788888888.0,7750000002.0,7788888888.0,0.1999324574
2025-03-09 01:00:00+03:30,7788888888.0,7799899997.0,7734000000.0,7768999928.0,0.4288958749
2025-03-09 02:00:00+03:30,7768999927.0,7779999986.0,7735010000.0,7764999988.0,0.0429815475
2025-03-09 03:00:00+03:30,7746000002.0,7770569957.0,7736006009.0,7747979399.0,0.0672752864
2025-03-09 04:00:00+03:30,7769299902.0,7781570303.0,7730000105.0,7756604033.0,0.0902179459
2025-03-09 05:00:00+03:30,7756605033.0,7796999999.0,7730000105.0,7750554396.0,0.1481118825
2025-03-09 06:00:00+03:30,7788999999.0,7788999999.0,7730000109.0,7777699952.0,0.1200956776
2025-03-09 07:00:00+03:30,7750000000.0,7788190295.0,7730000105.0,7740807007.0,0.2898664765
2025-03-09 08:00:00+03:30,7740807007.0,7778979933.0,7730000000.0,7752999999.0,0.2432544826
2025-03-09 09:00:00+03:30,7734998000.0,7774999999.0,7734112459.0,7734141461.0,0.427163018
2025-03-09 10:00:00+03:30,7764949946.0,7764949947.0,7734112449.0,7734112449.0,0.2909987708
2025-03-09 11:00:00+03:30,7734112449.0,7759888952.0,7725002005.0,7748999999.0,0.3151331424
2025-03-09 12:00:00+03:30,7748999999.0,7759888952.0,7730118000.0,7741178004.0,0.450537572
2025-03-09 13:00:00+03:30,7757717754.0,7781570303.0,7740224309.0,7750000000.0,0.466308587
2025-03-09 14:00:00+03:30,7740236309.0,7770000000.0,7720000000.0,7722866251.0,0.722366106
2025-03-09 15:00:00+03:30,7729500000.0,7748992980.0,7675123123.0,7700000000.0,1.0364279183
2025-03-09 16:00:00+03:30,7699999999.0,7730000000.0,7663232111.0,7712999959.0,0.3098072561
2025-03-09 17:00:00+03:30,7712999959.0,7712999959.0,7586000000.0,7607468570.0,1.0890525091
2025-03-09 18:00:00+03:30,7607468570.0,7685441395.0,7597000000.0,7636588182.0,0.6522971898
2025-03-09 19:00:00+03:30,7636588181.0,7646325535.0,7549506143.0,7574501723.0,1.6304247883
2025-03-09 20:00:00+03:30,7570000000.0,7578341645.0,7511000001.0,7520000001.0,1.2708281448
2025-03-09 21:00:00+03:30,7520000001.0,7596239507.0,7511150150.0,7596239504.0,0.9838310849
2025-03-09 22:00:00+03:30,7596229998.0,7611649394.0,7521000000.0,7530505001.0,0.9190326179
2025-03-09 23:00:00+03:30,7530505002.0,7602543624.0,7530505002.0,7575122334.0,0.5315093178
2025-03-10 00:00:00+03:30,7568019989.0,7620673696.0,7469990000.0,7470000001.0,0.9488848527
2025-03-10 01:00:00+03:30,7499999998.0,7515000000.0,7410000000.0,7410000000.0,0.7128060575
2025-03-10 02:00:00+03:30,7410000000.0,7456184643.0,7325000000.0,7355369043.0,1.3044841001
2025-03-10 03:00:00+03:30,7355369043.0,7475875034.0,7326868741.0,7376596655.0,0.2556654992
2025-03-10 04:00:00+03:30,7342004029.0,7480000000.0,7305000000.0,7420000000.0,0.4930333603
2025-03-10 05:00:00+03:30,7409791346.0,7558799999.0,7409791346.0,7498756708.0,0.8758963463
2025-03-10 06:00:00+03:30,7546139058.0,7570000000.0,7477705408.0,7477705408.0,0.6115691106
2025-03-10 07:00:00+03:30,7480000000.0,7569991991.0,7450000004.0,7549999999.0,0.6018906559
2025-03-10 08:00:00+03:30,7549999998.0,7600000000.0,7505000000.0,7555100009.0,0.9060408826
2025-03-10 09:00:00+03:30,7555100009.0,7603963024.0,7520000000.0,7540000586.0,0.5127400638
2025-03-10 10:00:00+03:30,7540000586.0,7626710054.0,7532019032.0,7576606607.0,0.5738075847
2025-03-10 11:00:00+03:30,7576606606.0,7626266080.0,7576606606.0,7580244031.0,0.5202272587
2025-03-10 12:00:00+03:30,7580251032.0,7750000000.0,7520000002.0,7698700000.0,1.8678761713
2025-03-10 13:00:00+03:30,7697602595.0,7698700000.0,7550000000.0,7571493582.0,0.9966491852
2025-03-10 14:00:00+03:30,7580000000.0,7648799000.0,7550000000.0,7646865977.0,0.4014528223
2025-03-10 15:00:00+03:30,7646865977.0,7750000000.0,7620022014.0,7639255686.0,1.1340415346
2025-03-10 16:00:00+03:30,7638857733.0,7678725059.0,7600600600.0,7606060606.0,0.8177583315
2025-03-10 17:00:00+03:30,7600600600.0,7628751937.0,7323999999.0,7375000002.0,1.3779722948
2025-03-10 18:00:00+03:30,7366176218.0,7439999999.0,7325000000.0,7437998005.0,2.3491735134
2025-03-10 19:00:00+03:30,7435000004.0,7516168789.0,7318000000.0,7347993998.0,1.8505407225
2025-03-10 20:00:00+03:30,7347993999.0,7399034359.0,7240000000.0,7300000000.0,2.44458734
2025-03-10 21:00:00+03:30,7300000000.0,7338046992.0,7220000000.0,7230012000.0,1.2076870723
2025-03-10 22:00:00+03:30,7230013000.0,7308776297.0,7150000000.0,7300000000.0,2.4300624688
2025-03-10 23:00:00+03:30,7270000000.0,7362033004.0,7200000000.0,7320999912.0,1.47703813
2025-03-11 00:00:00+03:30,7320999911.0,7399999998.0,7260000000.0,7394000000.0,0.7907456422
2025-03-11 01:00:00+03:30,7394000000.0,7399999996.0,7300000000.0,7335972032.0,0.3950953524
2025-03-11 02:00:00+03:30,7335972038.0,7392835179.0,7305000000.0,7343351418.0,0.3345254228
2025-03-11 03:00:00+03:30,7305000009.0,7351048770.0,7175596400.0,7180000000.0,0.526360223
2025-03-11 04:00:00+03:30,7182000000.0,7380000000.0,7100000000.0,7242308304.0,0.8421888818
2025-03-11 05:00:00+03:30,7180000000.0,7380000000.0,7180000000.0,7378247287.0,1.0408391906
2025-03-11 06:00:00+03:30,7320001004.0,7379999999.0,7320000004.0,7349999965.0,0.2986827861
2025-03-11 07:00:00+03:30,7340000000.0,7450000000.0,7328000021.0,7400195952.0,0.4583179725
2025-03-11 08:00:00+03:30,7441082390.0,7450000000.0,7390000000.0,7416502601.0,0.6163676583
2025-03-11 09:00:00+03:30,7416502606.0,7437000000.0,7415000003.0,7429665406.0,0.6559958247
2025-03-11 10:00:00+03:30,7420000003.0,7450000000.0,7414900000.0,7430000000.0,0.5114756755
2025-03-11 11:00:00+03:30,7420000005.0,7478897000.0,7417000000.0,7476551108.0,0.4812765179
2025-03-11 12:00:00+03:30,7472550290.0,7555408937.0,7471500000.0,7520000000.0,1.3607103744
2025-03-11 13:00:00+03:30,7520000000.0,7539270959.0,7504000001.0,7527261171.0,0.6546585024
2025-03-11 14:00:00+03:30,7527261171.0,7565000000.0,7527000000.0,7547000001.0,0.6427573091
2025-03-11 15:00:00+03:30,7558998999.0,7558998999.0,7471500001.0,7519276873.0,0.7265913037
2025-03-11 16:00:00+03:30,7519276873.0,7529000000.0,7400000000.0,7461999999.0,0.9727885554
2025-03-11 17:00:00+03:30,7461999999.0,7500000000.0,7347701172.0,7347701172.0,0.7290427664
2025-03-11 18:00:00+03:30,7351955831.0,7497986999.0,7298000000.0,7427807001.0,1.085640338
2025-03-11 19:00:00+03:30,7439999997.0,7540000000.0,7382881064.0,7504000000.0,0.7057598141
2025-03-11 20:00:00+03:30,7460000001.0,7538484035.0,7376001000.0,7436301000.0,0.450086296
2025-03-11 21:00:00+03:30,7436301000.0,7620000000.0,7436301000.0,7619000000.0,1.2684569093
2025-03-11 22:00:00+03:30,7619999999.0,7660000000.0,7561000000.0,7615999999.0,1.8030753608
2025-03-11 23:00:00+03:30,7615999999.0,7634000000.0,7432613980.0,7435562260.0,1.2655766785
2025-03-12 00:00:00+03:30,7435562260.0,7530337492.0,7410550158.0,7520000000.0,0.7816541689
2025-03-12 01:00:00+03:30,7520000000.0,7548799000.0,7451107739.0,7499998900.0,0.4366114094
2025-03-12 02:00:00+03:30,7499998899.0,7519199999.0,7451000000.0,7451000002.0,0.2645902657
2025-03-12 03:00:00+03:30,7470999997.0,7502586493.0,7451000006.0,7502586295.0,0.0975337753
2025-03-12 04:00:00+03:30,7502586293.0,7540000000.0,7464000000.0,7508569471.0,0.1748684659
2025-03-12 05:00:00+03:30,7508569478.0,7620000000.0,7464000000.0,7531999873.0,0.4253845338
2025-03-12 06:00:00+03:30,7500000124.0,7519999969.0,7451107739.0,7457063858.0,0.2185717358
2025-03-12 07:00:00+03:30,7463019996.0,7490620642.0,7384000000.0,7384099999.0,0.6219853432
2025-03-12 08:00:00+03:30,7417872580.0,7444997999.0,7360000004.0,7419995884.0,0.4108448548
2025-03-12 09:00:00+03:30,7419995890.0,7442000000.0,7360000000.0,7375011006.0,0.3345152284
2025-03-12 10:00:00+03:30,7400182900.0,7428888888.0,7325099999.0,7402000000.0,0.3614166063
2025-03-12 11:00:00+03:30,7401999999.0,7500000000.0,7366313008.0,7484637724.0,0.5427337821
2025-03-12 12:00:00+03:30,7485099999.0,7566799000.0,7485099999.0,7513000000.0,0.638744583
2025-03-12 13:00:00+03:30,7510000000.0,7535000000.0,7460999999.0,7490020262.0,0.3604452927
2025-03-12 14:00:00+03:30,7490017260.0,7508569416.0,7406300999.0,7499988998.0,0.33771301
2025-03-12 15:00:00+03:30,7491000009.0,7564399999.0,7490000000.0,7520535280.0,0.3725003012
2025-03-12 16:00:00+03:30,7546989999.0,7627000000.0,7546989998.0,7557914858.0,1.4436268493
2025-03-12 17:00:00+03:30,7558000000.0,7608586981.0,7489000009.0,7500134000.0,0.7350222326
2025-03-12 18:00:00+03:30,7527999998.0,7527999998.0,7380000000.0,7439406817.0,1.1267483939
2025-03-12 19:00:00+03:30,7439406816.0,7519999999.0,7439406816.0,7468976103.0,0.4221211616
2025-03-12 20:00:00+03:30,7496980850.0,7566283476.0,7469986668.0,7559999995.0,0.424936605
2025-03-12 21:00:00+03:30,7559999987.0,7569999999.0,7451000001.0,7513000000.0,0.3926978547
2025-03-12 22:00:00+03:30,7513000000.0,7540000000.0,7502350000.0,7511432016.0,0.2765422211
2025-03-12 23:00:00+03:30,7511442605.0,7538999995.0,7486844465.0,7486850467.0,0.5160553317
2025-03-13 00:00:00+03:30,7486850468.0,7538000000.0,7486850467.0,7524002000.0,0.3334507072
2025-03-13 01:00:00+03:30,7526000001.0,7559000000.0,7511100000.0,7555100000.0,0.4302229368
2025-03-13 02:00:00+03:30,7555100000.0,7560000000.0,7515348750.0,7535100001.0,0.1667008217
2025-03-13 03:00:00+03:30,7549819089.0,7594444484.0,7525010011.0,7591784698.0,0.1547630418
2025-03-13 04:00:00+03:30,7556452872.0,7584500000.0,7529957663.0,7558339151.0,0.1818487363
2025-03-13 05:00:00+03:30,7552550001.0,7600000000.0,7552550001.0,7586100001.0,0.3575044367
2025-03-13 06:00:00+03:30,7586100001.0,7619000000.0,7560100002.0,7618999989.0,0.4019689709
2025-03-13 07:00:00+03:30,7595000015.0,7609022352.0,7552550005.0,7552550005.0,0.3627304972
2025-03-13 08:00:00+03:30,7552808007.0,7591977522.0,7488000000.0,7544420308.0,0.5054157758
2025-03-13 09:00:00+03:30,7550456608.0,7579828048.0,7517000000.0,7518031013.0,0.3711508337
2025-03-13 10:00:00+03:30,7518031021.0,7599799990.0,7518031021.0,7570000000.0,0.2937096568
2025-03-13 11:00:00+03:30,7570000001.0,7595781404.0,7522225004.0,7536999999.0,0.4525965093
2025-03-13 12:00:00+03:30,7522247041.0,7600000000.0,7522247041.0,7584000001.0,0.4262602776
2025-03-13 13:00:00+03:30,7584000000.0,7614630339.0,7577002003.0,7580302999.0,0.4825457328
2025-03-13 14:00:00+03:30,7586106009.0,7606999999.0,7525000000.0,7525000019.0,0.2871145114
2025-03-13 15:00:00+03:30,7525000025.0,7600000000.0,7525000020.0,7567937455.0,0.3410379887
2025-03-13 16:00:00+03:30,7569107001.0,7600677444.0,7522265049.0,7539019069.0,0.631926762
2025-03-13 17:00:00+03:30,7540005001.0,7578371195.0,7460000000.0,7480000002.0,0.6094083543
2025-03-13 18:00:00+03:30,7480000002.0,7521863865.0,7457063858.0,7499989605.0,0.4321361398
2025-03-13 19:00:00+03:30,7480888343.0,7489998963.0,7411000002.0,7418999989.0,0.688437066
2025-03-13 20:00:00+03:30,7419999999.0,7469022290.0,7360000000.0,7360800000.0,0.8392588481
2025-03-13 21:00:00+03:30,7361000000.0,7449000000.0,7326580769.0,7413000014.0,0.7629350333
2025-03-13 22:00:00+03:30,7413000010.0,7440499995.0,7388000000.0,7390000000.0,0.7331273536
2025-03-13 23:00:00+03:30,7390800000.0,7421637528.0,7330306002.0,7350000030.0,0.5255434116
2025-03-14 00:00:00+03:30,7350000031.0,7385999999.0,7340000000.0,7385999999.0,0.2105147411
2025-03-14 01:00:00+03:30,7385999999.0,7430000000.0,7370090009.0,7415000009.0,0.3330191257
2025-03-14 02:00:00+03:30,7415000009.0,7469022285.0,7415000000.0,7443999975.0,0.1638322907
2025-03-14 03:00:00+03:30,7418000000.0,7444700011.0,7385996998.0,7388389839.0,0.1092006469
2025-03-14 04:00:00+03:30,7439999974.0,7474940111.0,7389000010.0,7423769152.0,0.0692864152
2025-03-14 05:00:00+03:30,7423769179.0,7489699800.0,7423769179.0,7470000008.0,0.0953249853
2025-03-14 06:00:00+03:30,7489699799.0,7514000000.0,7470000008.0,7484000022.0,0.1499661337
2025-03-14 07:00:00+03:30,7484000021.0,7500000049.0,7460000040.0,7468095088.0,0.1350331391
2025-03-14 08:00:00+03:30,7476141772.0,7494999994.0,7460000000.0,7460001000.0,0.1771419872
2025-03-14 09:00:00+03:30,7460001001.0,7488739995.0,7457999999.0,7459000000.0,0.2594337795
2025-03-14 10:00:00+03:30,7459000000.0,7477000000.0,7391111111.0,7477000000.0,0.27281991
2025-03-14 11:00:00+03:30,7473999900.0,7503000000.0,7446027002.0,7455412083.0,0.4386202121
2025-03-14 12:00:00+03:30,7456124985.0,7520000000.0,7422235821.0,7512145000.0,0.5899178557
2025-03-14 13:00:00+03:30,7512145000.0,7530000000.0,7480134620.0,7520023002.0,0.7241694144
2025-03-14 14:00:00+03:30,7520023002.0,7550000000.0,7496747241.0,7549999999.0,0.4804539964
2025-03-14 15:00:00+03:30,7550000000.0,7559999999.0,7530000000.0,7530000000.0,0.6667267066
2025-03-14 16:00:00+03:30,7530000000.0,7555899997.0,7511100000.0,7513000001.0,0.3984781416
2025-03-14 17:00:00+03:30,7533100003.0,7574000000.0,7464558570.0,7499999006.0,0.6994170245
2025-03-14 18:00:00+03:30,7480000001.0,7625000000.0,7480000000.0,7624999999.0,1.6103661817
2025-03-14 19:00:00+03:30,7624999999.0,7630000000.0,7505000000.0,7544466958.0,0.9468635358
2025-03-14 20:00:00+03:30,7544466958.0,7575000000.0,7486000000.0,7491305999.0,0.5672994765
2025-03-14 21:00:00+03:30,7491305999.0,7519997999.0,7480598415.0,7490000000.0,0.3622280939
2025-03-14 22:00:00+03:30,7490000000.0,7535404863.0,7480598415.0,7508013000.0,0.3030818218
2025-03-14 23:00:00+03:30,7508013000.0,7526908900.0,7420481297.0,7452000000.0,0.3782186426
2025-03-15 00:00:00+03:30,7432558555.0,7499999914.0,7432557555.0,7491729611.0,0.4092263471
2025-03-15 01:00:00+03:30,7475000000.0,7498000000.0,7450999566.0,7493416278.0,0.2267772901
2025-03-15 02:00:00+03:30,7475110002.0,7498078910.0,7470100020.0,7470100029.0,0.1555479548
2025-03-15 03:00:00+03:30,7470100129.0,7497999969.0,7435000002.0,7440100000.0,0.1038917465
2025-03-15 04:00:00+03:30,7475294094.0,7479294108.0,7440100000.0,7468000000.0,0.1026248236
2025-03-15 05:00:00+03:30,7468000000.0,7500999999.0,7467783550.0,7499999999.0,0.1931397155
2025-03-15 06:00:00+03:30,7485705001.0,7525972000.0,7485705001.0,7515437803.0,0.1533624428
2025-03-15 07:00:00+03:30,7515437803.0,7529899999.0,7471000000.0,7471000000.0,0.3712766423
2025-03-15 08:00:00+03:30,7468976101.0,7535000000.0,7430000000.0,7530000000.0,0.6866206519
2025-03-15 09:00:00+03:30,7530000000.0,7539999998.0,7454658085.0,7454658085.0,0.6372937664
2025-03-15 10:00:00+03:30,7454658085.0,7499999998.0,7429002010.0,7437155303.0,0.4859712125
2025-03-15 11:00:00+03:30,7429115031.0,7455020001.0,7405647000.0,7450000000.0,0.5702674453
2025-03-15 12:00:00+03:30,7450000001.0,7496603557.0,7440000000.0,7458000000.0,0.3944873941
2025-03-15 13:00:00+03:30,7477699998.0,7499999999.0,7458000100.0,7470100005.0,0.2923909684
2025-03-15 14:00:00+03:30,7470000000.0,7537000000.0,7463019980.0,7511096448.0,0.5901936115
2025-03-15 15:00:00+03:30,7511096448.0,7536994996.0,7427503651.0,7442512099.0,0.6213886709
2025-03-15 16:00:00+03:30,7443497204.0,7502586491.0,7443497204.0,7502586490.0,0.5078196125
2025-03-15 17:00:00+03:30,7499999998.0,7520000000.0,7475020000.0,7475367323.0,0.3193645182
2025-03-15 18:00:00+03:30,7475367322.0,7496603559.0,7461349323.0,7481120001.0,0.4056351086
2025-03-15 19:00:00+03:30,7481120001.0,7494799000.0,7475000001.0,7475003001.0,0.3559648986
2025-03-15 20:00:00+03:30,7481002000.0,7510000000.0,7475003001.0,7509900000.0,0.2862131925
2025-03-15 21:00:00+03:30,7501001001.0,7534387999.0,7501000001.0,7508999999.0,0.3712783908
2025-03-15 22:00:00+03:30,7508999999.0,7508999999.0,7409010000.0,7452087998.0,0.9030884945
2025-03-15 23:00:00+03:30,7449878408.0,7474944385.0,7373648379.0,7373648379.0,0.8478459562
2025-03-16 00:00:00+03:30,7373649379.0,7445329912.0,7372000000.0,7445329912.0,0.4119855459
2025-03-16 01:00:00+03:30,7421001005.0,7451253006.0,7418000000.0,7451252932.0,0.1310612572
2025-03-16 02:00:00+03:30,7418040008.0,7451252954.0,7406079461.0,7406079462.0,0.1047611014
2025-03-16 03:00:00+03:30,7406079462.0,7444483609.0,7400002009.0,7419266064.0,0.039765486
2025-03-16 04:00:00+03:30,7419266064.0,7437000000.0,7400183002.0,7406002223.0,0.0197174854
2025-03-16 05:00:00+03:30,7406002239.0,7437000000.0,7380000000.0,7399547964.0,0.5967136962
2025-03-16 06:00:00+03:30,7381000003.0,7415714438.0,7381000003.0,7385000062.0,0.1276305854
2025-03-16 07:00:00+03:30,7415713270.0,7457176101.0,7385000010.0,7412124071.0,0.3044976408
2025-03-16 08:00:00+03:30,7458999992.0,7467999939.0,7411980888.0,7412013889.0,0.2478376212
2025-03-16 09:00:00+03:30,7412013889.0,7467999996.0,7411980069.0,7420000011.0,0.287062097
2025-03-16 10:00:00+03:30,7420000011.0,7470000000.0,7420000011.0,7450307003.0,0.6023199764
2025-03-16 11:00:00+03:30,7456928744.0,7540500000.0,7450307003.0,7490910708.0,0.8956595605
2025-03-16 12:00:00+03:30,7512000000.0,7547000000.0,7490910704.0,7517043154.0,0.64934574
2025-03-16 13:00:00+03:30,7517043154.0,7570000000.0,7510002000.0,7535079784.0,1.5337227978
2025-03-16 14:00:00+03:30,7536575433.0,7575080880.0,7507011001.0,7543998994.0,0.765255655
2025-03-16 15:00:00+03:30,7543998994.0,7543998994.0,7475000000.0,7530000002.0,1.1246365194
2025-03-16 16:00:00+03:30,7532501112.0,7588908680.0,7504721855.0,7574999999.0,1.0063826222
2025-03-16 17:00:00+03:30,7574999999.0,7577998991.0,7514000001.0,7522471461.0,0.3973576636
2025-03-16 18:00:00+03:30,7522475470.0,7599998548.0,7522475470.0,7578160725.0,0.6460193194
2025-03-16 19:00:00+03:30,7587900000.0,7735000000.0,7575000000.0,7699999992.0,2.2597605769
2025-03-16 20:00:00+03:30,7687000006.0,7699999993.0,7600100000.0,7620000000.0,1.1508368102
2025-03-16 21:00:00+03:30,7620000000.0,7673099899.0,7604909479.0,7670000000.0,0.6043723841
2025-03-16 22:00:00+03:30,7669999999.0,7670000000.0,7550000000.0,7596409198.0,0.6871960735
2025-03-16 23:00:00+03:30,7596413199.0,7613220000.0,7570000000.0,7600000000.0,0.274351109
